,mean,std
a,0.506872538961,0.161450704112
k,0.616705588972,0.197561441116
b,0.0977411133818,0.00113112010812
u,0.389255046993,0.0421657388007
n,1.59899139729,0.0369563791419
